{"cameraMode":{"drawMode":0,"name":"Shaded","section":"Shading Mode"},"sceneLighting":true,"audioPlay":false,"sceneViewState":{"m_AlwaysRefresh":false,"showFog":true,"showSkybox":true,"showFlares":true,"showImageEffects":true,"showParticleSystems":true,"showVisualEffectGraphs":true,"m_FxEnabled":true},"in2DMode":false,"pivot":{"x":45.82506561279297,"y":2.6183652877807619,"z":31.762182235717775},"rotation":{"x":-0.008135365322232247,"y":-0.4276391863822937,"z":-0.0038488528225570919,"w":0.9039047360420227},"size":7.156744480133057,"orthographic":false}